100_0.20789473684210524, 868.5930787589499
99_0.20789473684210524, 870.8718861209965
96_0.20789473684210524, 884.0023752969122
98_0.20789473684210524, 884.3683589138135
97_0.20789473684210524, 891.2960760998811
95_0.20789473684210524, 892.8507821901323
94_0.20789473684210524, 909.948502994012
100_0.26052631578947366, 916.671724137931
91_0.20789473684210524, 923.0434782608695
90_0.20789473684210524, 926.0615199034982
92_0.20789473684210524, 945.6537530266345
99_0.26052631578947366, 948.8990182328191
98_0.26052631578947366, 950.9314685314686
93_0.20789473684210524, 954.3106796116506
88_0.20789473684210524, 979.8311218335344
100_0.3131578947368421, 986.5388513513515
80_0.20789473684210524, 994.1019900497513
89_0.20789473684210524, 994.4448484848484
78_0.26052631578947366, 1002.6695035460992
81_0.20789473684210524, 1010.4364089775561
79_0.26052631578947366, 1016.0285306704708
79_0.20789473684210524, 1022.5565217391304
78_0.20789473684210524, 1025.4190358467242
87_0.20789473684210524, 1030.905055487053
85_0.20789473684210524, 1035.3698630136985
84_0.20789473684210524, 1035.8349875930521
86_0.26052631578947366, 1041.8776371308018
77_0.26052631578947366, 1043.0451339915373
85_0.26052631578947366, 1043.6468023255816
76_0.26052631578947366, 1044.9367088607596
86_0.20789473684210524, 1046.9434194341943
87_0.26052631578947366, 1051.1570014144272
91_0.15526315789473683, 1054.1576086956522
83_0.15526315789473683, 1057.8634020618556
84_0.26052631578947366, 1058.959712230216
96_0.26052631578947366, 1059.8794326241134
90_0.26052631578947366, 1066.8838526912182
91_0.3131578947368421, 1067.098976109215
93_0.26052631578947366, 1067.6988636363637
90_0.15526315789473683, 1068.1455782312926
77_0.20789473684210524, 1070.9109159347554
95_0.26052631578947366, 1073.371794871795
76_0.20789473684210524, 1073.5955056179776
97_0.26052631578947366, 1074.460881934566
92_0.26052631578947366, 1078.7457627118645
90_0.3131578947368421, 1080.2372881355932
82_0.15526315789473683, 1080.568093385214
83_0.26052631578947366, 1081.590711175617
82_0.20789473684210524, 1081.9714285714285
85_0.15526315789473683, 1083.6526717557251
84_0.15526315789473683, 1084.3982188295165
91_0.26052631578947366, 1085.625
83_0.20789473684210524, 1087.0651629072681
72_0.20789473684210524, 1087.7588739290086
80_0.3131578947368421, 1087.7775919732442
95_0.15526315789473683, 1088.6063535911603
92_0.15526315789473683, 1090.3466299862448
94_0.26052631578947366, 1091.0367751060821
82_0.26052631578947366, 1093.946762589928
87_0.15526315789473683, 1095.612323491656
81_0.3131578947368421, 1102.9729729729731
94_0.15526315789473683, 1103.4375
99_0.15526315789473683, 1104.826330532213
86_0.15526315789473683, 1106.6666666666665
88_0.3131578947368421, 1107.9195979899498
93_0.15526315789473683, 1109.7964480874316
89_0.26052631578947366, 1109.902857142857
72_0.26052631578947366, 1110.6732117812062
98_0.15526315789473683, 1111.5347517730497
99_0.3131578947368421, 1113.344122657581
88_0.3657894736842105, 1113.984
73_0.20789473684210524, 1113.9963099630997
88_0.26052631578947366, 1114.1820768136558
73_0.26052631578947366, 1114.6056338028168
100_0.15526315789473683, 1118.371387283237
98_0.3131578947368421, 1119.3074324324323
92_0.3131578947368421, 1122.0741989881956
96_0.15526315789473683, 1125.951388888889
70_0.20789473684210524, 1126.029304029304
89_0.3657894736842105, 1131.6016096579476
97_0.15526315789473683, 1131.6074895977808
72_0.3131578947368421, 1131.7816091954023
75_0.20789473684210524, 1133.982389937107
81_0.26052631578947366, 1134.077809798271
74_0.20789473684210524, 1136.4080100125157
93_0.3131578947368421, 1136.6324786324785
97_0.3131578947368421, 1137.6424957841484
86_0.3131578947368421, 1137.9917355371902
85_0.3131578947368421, 1138.3714285714286
60_0.20789473684210524, 1138.8909512761022
75_0.26052631578947366, 1140.336146272855
83_0.3131578947368421, 1142.9093959731542
73_0.3131578947368421, 1143.3322314049587
81_0.15526315789473683, 1143.860759493671
96_0.3131578947368421, 1147.2231543624162
80_0.15526315789473683, 1147.4278416347381
87_0.3131578947368421, 1147.5845896147405
63_0.20789473684210524, 1149.558194774347
80_0.26052631578947366, 1150.1314285714286
62_0.20789473684210524, 1150.5194805194806
82_0.3131578947368421, 1150.635
89_0.3131578947368421, 1153.6836734693877
89_0.15526315789473683, 1154.2314814814815
74_0.26052631578947366, 1154.3464235624124
61_0.20789473684210524, 1154.3508771929826
71_0.20789473684210524, 1158.0764488286068
95_0.3131578947368421, 1159.7350427350427
74_0.3131578947368421, 1161.2568218298554
93_0.3657894736842105, 1165.632734530938
84_0.3131578947368421, 1171.3444259567386
94_0.3131578947368421, 1171.3492333901193
77_0.15526315789473683, 1173.573566084788
75_0.3131578947368421, 1175.5209677419355
88_0.15526315789473683, 1178.1691078561917
92_0.3657894736842105, 1180.1148514851484
79_0.15526315789473683, 1195.4698492462312
68_0.20789473684210524, 1202.3182374541002
78_0.15526315789473683, 1202.330808080808
76_0.15526315789473683, 1202.4590163934427
95_0.3657894736842105, 1204.8568548387098
69_0.20789473684210524, 1207.608910891089
60_0.26052631578947366, 1210.9247027741083
75_0.15526315789473683, 1211.1724137931035
84_0.3657894736842105, 1215.87109375
68_0.3131578947368421, 1218.2783171521037
86_0.3657894736842105, 1221.3555992141453
74_0.15526315789473683, 1221.3590733590734
67_0.3657894736842105, 1225.3382899628252
61_0.26052631578947366, 1226.0106382978722
68_0.26052631578947366, 1228.8300835654597
78_0.3131578947368421, 1234.4991680532446
97_0.4184210526315789, 1234.5340050377833
70_0.26052631578947366, 1234.875
90_0.3657894736842105, 1236.6640316205533
69_0.3131578947368421, 1236.9690048939642
87_0.4184210526315789, 1237.344262295082
73_0.15526315789473683, 1237.6156763590393
94_0.3657894736842105, 1238.142857142857
88_0.4184210526315789, 1238.4779582366589
69_0.26052631578947366, 1241.3678321678321
83_0.3657894736842105, 1241.7142857142858
86_0.4184210526315789, 1243.0697674418604
96_0.3657894736842105, 1243.2268041237114
62_0.26052631578947366, 1243.3684210526314
82_0.3657894736842105, 1243.4248496993987
91_0.3657894736842105, 1247.2529644268775
72_0.15526315789473683, 1247.453164556962
52_0.20789473684210524, 1251.6089965397923
65_0.20789473684210524, 1255.4007220216606
85_0.3657894736842105, 1255.6863905325442
97_0.3657894736842105, 1256.0788381742739
63_0.26052631578947366, 1257.2781546811398
89_0.4184210526315789, 1259.8457943925234
66_0.3657894736842105, 1261.3694852941176
68_0.3657894736842105, 1262.8022598870057
59_0.20789473684210524, 1264.6493506493507
77_0.3131578947368421, 1265.9816053511706
71_0.26052631578947366, 1266.2428571428572
53_0.20789473684210524, 1270.334878331402
81_0.3657894736842105, 1273.8779527559054
94_0.4184210526315789, 1274.5588235294117
76_0.3131578947368421, 1274.876644736842
66_0.3131578947368421, 1275.6924315619967
96_0.4184210526315789, 1276.6125
99_0.4184210526315789, 1277.0948717948718
79_0.3131578947368421, 1277.6767676767677
64_0.20789473684210524, 1277.9
87_0.3657894736842105, 1278.702380952381
58_0.20789473684210524, 1279.8714953271028
69_0.3657894736842105, 1281.2466539196942
64_0.26052631578947366, 1281.4596100278552
90_0.4184210526315789, 1281.4964705882353
85_0.4184210526315789, 1281.508120649652
67_0.20789473684210524, 1283.305724725944
80_0.3657894736842105, 1284.3933463796477
54_0.20789473684210524, 1287.7174418604652
65_0.26052631578947366, 1288.5331452750352
84_0.4184210526315789, 1289.9030023094688
98_0.4184210526315789, 1290.2188295165395
72_0.3657894736842105, 1290.2926356589148
66_0.20789473684210524, 1292.230303030303
92_0.4184210526315789, 1294.9619047619049
71_0.3131578947368421, 1295.848434925865
55_0.20789473684210524, 1295.891100702576
59_0.26052631578947366, 1296.7729083665338
73_0.3657894736842105, 1296.953216374269
58_0.26052631578947366, 1298.6155878467637
63_0.3131578947368421, 1301.0798722044728
63_0.15526315789473683, 1301.5817490494296
67_0.3131578947368421, 1311.190243902439
56_0.20789473684210524, 1312.7745327102803
71_0.3657894736842105, 1313.3268482490273
95_0.4184210526315789, 1314.871287128713
70_0.3657894736842105, 1315.4131274131273
62_0.15526315789473683, 1320.879177377892
98_0.3657894736842105, 1321.4504132231407
57_0.26052631578947366, 1322.977542932629
57_0.20789473684210524, 1326.5605170387778
93_0.4184210526315789, 1326.7874396135264
62_0.3131578947368421, 1327.9213836477988
67_0.26052631578947366, 1329.3664772727273
71_0.15526315789473683, 1329.9807445442875
66_0.26052631578947366, 1330.3986013986014
99_0.3657894736842105, 1333.8763102725368
70_0.3131578947368421, 1341.5334420880913
100_0.3657894736842105, 1345.0125786163521
50_0.20789473684210524, 1345.6728323699422
56_0.26052631578947366, 1345.953947368421
65_0.15526315789473683, 1352.5974358974358
51_0.20789473684210524, 1354.1618160651922
70_0.15526315789473683, 1354.6627906976744
91_0.4184210526315789, 1356.5942028985507
64_0.3657894736842105, 1359.0109289617485
78_0.3657894736842105, 1362.0077071290946
82_0.4184210526315789, 1364.4028103044498
61_0.15526315789473683, 1366.4961139896373
74_0.3657894736842105, 1367.626459143969
79_0.3657894736842105, 1368.9883720930231
55_0.26052631578947366, 1370.2855263157894
65_0.3657894736842105, 1370.5716911764707
59_0.15526315789473683, 1371.0549738219895
64_0.15526315789473683, 1371.6279069767443
75_0.3657894736842105, 1374.0157790927021
76_0.5236842105263158, 1379.9003322259136
68_0.15526315789473683, 1380.1555555555556
77_0.3657894736842105, 1387.283203125
69_0.15526315789473683, 1387.3302990897269
83_0.4184210526315789, 1390.1229314420805
49_0.20789473684210524, 1390.431738623104
67_0.15526315789473683, 1390.817232375979
62_0.3657894736842105, 1390.9057971014493
66_0.15526315789473683, 1391.7624020887727
77_0.5236842105263158, 1392.8389261744967
90_0.47105263157894733, 1398.5517241379312
100_0.4184210526315789, 1399.8306451612902
76_0.3657894736842105, 1400.1453488372094
54_0.26052631578947366, 1401.0575163398692
64_0.3131578947368421, 1401.3648
48_0.20789473684210524, 1402.4171494785633
55_0.3131578947368421, 1402.581818181818
65_0.3131578947368421, 1404.4668820678514
60_0.15526315789473683, 1404.575
54_0.3131578947368421, 1411.273542600897
88_0.47105263157894733, 1414.337950138504
81_0.5236842105263158, 1414.4918032786886
71_0.47105263157894733, 1419.3852459016393
58_0.15526315789473683, 1421.5941644562333
58_0.3131578947368421, 1423.4699537750384
59_0.3131578947368421, 1424.1915887850466
91_0.47105263157894733, 1426.5217391304348
89_0.47105263157894733, 1429.1988795518207
57_0.3131578947368421, 1431.202160493827
98_0.47105263157894733, 1436.1480362537766
52_0.26052631578947366, 1441.5729303547964
70_0.47105263157894733, 1444.6864864864865
100_0.47105263157894733, 1451.8606811145512
57_0.3657894736842105, 1452.6566371681415
72_0.4184210526315789, 1453.045871559633
63_0.3657894736842105, 1453.7214022140222
46_0.20789473684210524, 1454.4083526682134
56_0.3131578947368421, 1457.6030534351146
93_0.47105263157894733, 1458.6808510638298
85_0.47105263157894733, 1461.6201117318437
47_0.20789473684210524, 1463.6214953271028
57_0.15526315789473683, 1467.764238410596
72_0.47105263157894733, 1470.5849582172702
84_0.47105263157894733, 1470.661111111111
60_0.3131578947368421, 1471.6445131375579
58_0.3657894736842105, 1472.5260323159785
60_0.3657894736842105, 1473.2196428571428
61_0.3131578947368421, 1475.1805337519622
40_0.20789473684210524, 1475.8218859138533
56_0.15526315789473683, 1476.577896138482
80_0.5236842105263158, 1477.565359477124
50_0.26052631578947366, 1478.8719275549806
53_0.26052631578947366, 1481.5701058201057
56_0.3657894736842105, 1485.0963222416815
39_0.20789473684210524, 1485.6157407407406
76_0.4184210526315789, 1486.2529002320184
51_0.26052631578947366, 1489.4495412844037
73_0.47105263157894733, 1490.3389830508474
52_0.3131578947368421, 1490.9109792284867
96_0.47105263157894733, 1494.0178571428573
38_0.20789473684210524, 1495.3318025258322
76_0.5763157894736842, 1495.9923664122136
41_0.20789473684210524, 1501.0152582159624
86_0.47105263157894733, 1501.4606741573034
92_0.47105263157894733, 1501.9705014749263
59_0.3657894736842105, 1503.5786618444845
77_0.5763157894736842, 1506.4692307692305
75_0.5236842105263158, 1511.9602649006622
61_0.3657894736842105, 1512.233273056058
94_0.47105263157894733, 1512.4764705882353
47_0.26052631578947366, 1519.0474934036938
99_0.47105263157894733, 1519.4722222222222
77_0.47105263157894733, 1519.627840909091
84_0.5236842105263158, 1521.045751633987
95_0.47105263157894733, 1521.2934131736529
71_0.4184210526315789, 1521.3532110091744
85_0.5236842105263158, 1521.785234899329
74_0.4184210526315789, 1522.8056206088993
77_0.4184210526315789, 1523.544811320755
44_0.20789473684210524, 1525.707656612529
78_0.5236842105263158, 1526.8863636363635
80_0.4184210526315789, 1526.9741784037558
46_0.26052631578947366, 1531.5706806282722
76_0.47105263157894733, 1532.5352112676055
53_0.3131578947368421, 1532.5520361990953
87_0.47105263157894733, 1533.971590909091
78_0.4184210526315789, 1534.1949541284405
79_0.4184210526315789, 1537.385150812065
73_0.4184210526315789, 1537.5737704918033
70_0.4184210526315789, 1538.74715261959
45_0.20789473684210524, 1540.5530921820305
81_0.4184210526315789, 1543.235294117647
55_0.3657894736842105, 1543.4657293497364
60_0.4184210526315789, 1544.1416490486258
78_0.5763157894736842, 1545.7431906614786
78_0.47105263157894733, 1550.7556179775281
82_0.5236842105263158, 1551.077922077922
66_0.4184210526315789, 1552.353579175705
82_0.47105263157894733, 1553.6
83_0.47105263157894733, 1553.623595505618
52_0.3657894736842105, 1556.544502617801
61_0.4184210526315789, 1556.9354838709676
67_0.4184210526315789, 1561.8552631578948
54_0.15526315789473683, 1562.6315789473683
69_0.4184210526315789, 1563.8715596330276
68_0.4184210526315789, 1564.5045662100458
83_0.5236842105263158, 1565.2590163934426
44_0.26052631578947366, 1565.6666666666667
49_0.15526315789473683, 1567.4842931937171
75_0.4184210526315789, 1567.5402843601896
57_0.4184210526315789, 1567.5622406639004
43_0.20789473684210524, 1569.049180327869
56_0.4184210526315789, 1569.3535353535353
89_0.10263157894736842, 1573.2713472485768
75_0.5763157894736842, 1576.076923076923
53_0.3657894736842105, 1577.1975308641977
97_0.47105263157894733, 1577.3252279635258
88_0.10263157894736842, 1577.3498098859316
87_0.10263157894736842, 1577.4792452830188
48_0.15526315789473683, 1578.8695652173915
51_0.15526315789473683, 1579.2737789203084
74_0.5763157894736842, 1581.4372623574143
42_0.20789473684210524, 1582.064177362894
55_0.15526315789473683, 1582.4
80_0.5763157894736842, 1582.8682170542634
68_0.47105263157894733, 1587.8271276595744
48_0.26052631578947366, 1589.3395225464192
79_0.47105263157894733, 1591.4322033898306
79_0.5763157894736842, 1593.2390438247012
74_0.5236842105263158, 1594.144262295082
74_0.47105263157894733, 1596.0927536231884
45_0.26052631578947366, 1596.7739361702127
37_0.20789473684210524, 1599.2307692307693
81_0.5763157894736842, 1600.3921568627452
50_0.3131578947368421, 1602.3133433283358
54_0.3657894736842105, 1603.4668989547038
85_0.10263157894736842, 1605.1935483870966
51_0.3131578947368421, 1605.4115853658539
49_0.26052631578947366, 1606.5179760319572
86_0.10263157894736842, 1610.8030592734224
91_0.10263157894736842, 1611.5308151093438
75_0.47105263157894733, 1613.7126099706743
36_0.20789473684210524, 1613.730904817861
98_0.5236842105263158, 1615.1060606060605
92_0.10263157894736842, 1616.501030927835
68_0.5236842105263158, 1618.4748427672955
93_0.10263157894736842, 1618.7210743801652
53_0.15526315789473683, 1619.1164021164022
50_0.15526315789473683, 1623.10878112713
70_0.5236842105263158, 1623.3258785942492
58_0.4184210526315789, 1625.7682672233823
38_0.26052631578947366, 1625.8681462140992
72_0.5236842105263158, 1626.2178217821784
84_0.10263157894736842, 1626.5973282442749
90_0.10263157894736842, 1630.6467065868264
63_0.47105263157894733, 1631.0154241645246
39_0.26052631578947366, 1631.5190538764782
62_0.4184210526315789, 1632.2489451476795
69_0.47105263157894733, 1633.6675749318802
32_0.20789473684210524, 1633.9327925840093
98_0.5763157894736842, 1634.4134615384614
87_0.5236842105263158, 1636.0549828178694
73_0.5236842105263158, 1638.2020202020203
63_0.4184210526315789, 1641.573593073593
52_0.4184210526315789, 1643.754491017964
69_0.5236842105263158, 1644.3279742765271
52_0.15526315789473683, 1647.256341789052
55_0.4184210526315789, 1648.3333333333335
68_0.5763157894736842, 1649.5645756457563
41_0.26052631578947366, 1649.6524064171122
71_0.5236842105263158, 1652.7184466019417
46_0.3131578947368421, 1653.8513513513515
53_0.4184210526315789, 1657.2515212981743
33_0.20789473684210524, 1657.6236933797911
47_0.3131578947368421, 1658.728787878788
62_0.47105263157894733, 1661.0625
59_0.4184210526315789, 1661.3029661016947
40_0.26052631578947366, 1661.4668435013264
74_0.6289473684210527, 1662.4054054054054
79_0.5236842105263158, 1666.6237623762377
86_0.5236842105263158, 1671.3698630136985
51_0.4184210526315789, 1672.3014256619147
92_0.5763157894736842, 1678.1904761904761
42_0.3131578947368421, 1678.2338830584708
56_0.47105263157894733, 1681.1124401913876
90_0.5236842105263158, 1682.1290322580646
48_0.3131578947368421, 1682.1679273827533
60_0.47105263157894733, 1682.3032581453635
83_0.5763157894736842, 1686.5317460317463
92_0.5236842105263158, 1686.6937269372693
54_0.4184210526315789, 1687.0692464358453
45_0.3131578947368421, 1687.3129770992368
82_0.5763157894736842, 1687.6904761904764
99_0.5236842105263158, 1694.1807692307693
34_0.20789473684210524, 1695.8541423570596
49_0.3131578947368421, 1696.4381679389314
47_0.15526315789473683, 1697.1552878179384
42_0.26052631578947366, 1697.7603195739014
44_0.3131578947368421, 1699.627450980392
50_0.4184210526315789, 1701.142857142857
99_0.5763157894736842, 1701.871921182266
43_0.3131578947368421, 1703.333836858006
35_0.20789473684210524, 1704.6725352112676
53_0.47105263157894733, 1704.7880952380951
55_0.5236842105263158, 1705.3724340175954
61_0.47105263157894733, 1706.8320610687024
69_0.5763157894736842, 1707.9471698113207
46_0.15526315789473683, 1708.5994587280106
46_0.47105263157894733, 1710.5821917808219
40_0.3131578947368421, 1710.6769911504425
81_0.47105263157894733, 1711.3342696629215
45_0.15526315789473683, 1712.012080536913
100_0.5763157894736842, 1712.1658536585364
48_0.3657894736842105, 1712.2698961937717
46_0.5236842105263158, 1713.611111111111
49_0.3657894736842105, 1717.0624999999998
48_0.47105263157894733, 1717.391100702576
95_0.10263157894736842, 1718.8846960167716
94_0.10263157894736842, 1721.2357894736842
70_0.5763157894736842, 1721.3186813186815
66_0.5763157894736842, 1721.5257352941178
43_0.26052631578947366, 1723.4237967914437
72_0.5763157894736842, 1723.9770992366412
64_0.47105263157894733, 1726.0551181102362
57_0.47105263157894733, 1727.212195121951
41_0.3131578947368421, 1732.5336322869955
96_0.5236842105263158, 1733.113553113553
73_0.5763157894736842, 1733.5097276264592
66_0.5236842105263158, 1733.9719626168223
80_0.47105263157894733, 1737.2714681440443
64_0.4184210526315789, 1737.345652173913
50_0.3657894736842105, 1738.282534246575
56_0.5236842105263158, 1738.407738095238
93_0.5763157894736842, 1739.7168141592922
67_0.5236842105263158, 1739.8867924528302
97_0.5236842105263158, 1740.6792452830189
47_0.47105263157894733, 1742.4065420560748
60_0.5763157894736842, 1742.517857142857
67_0.5763157894736842, 1743.1615384615384
44_0.15526315789473683, 1743.2462787550744
51_0.47105263157894733, 1744.208037825059
100_0.5236842105263158, 1745.065573770492
54_0.5236842105263158, 1747.4685714285713
60_0.6289473684210527, 1749.0340425531913
31_0.20789473684210524, 1749.9650349650349
36_0.26052631578947366, 1750.6371911573472
61_0.6289473684210527, 1752.5324675324675
51_0.3657894736842105, 1753.0329289428078
37_0.15526315789473683, 1753.7204724409448
65_0.4184210526315789, 1753.8561946902655
91_0.5236842105263158, 1753.9051094890513
30_0.20789473684210524, 1754.394219653179
70_0.6289473684210527, 1754.5714285714284
47_0.5236842105263158, 1755.6621253405995
42_0.4184210526315789, 1755.736220472441
50_0.47105263157894733, 1756.9180327868853
43_0.3657894736842105, 1757.2772963604855
53_0.5236842105263158, 1758.6954022988505
51_0.5236842105263158, 1758.7016574585637
37_0.26052631578947366, 1759.0131926121373
49_0.47105263157894733, 1759.0285714285715
66_0.47105263157894733, 1760.8485639686685
50_0.5236842105263158, 1761.731506849315
93_0.5236842105263158, 1762.542750929368
94_0.5236842105263158, 1763.1397058823532
52_0.47105263157894733, 1764.3504672897197
33_0.26052631578947366, 1767.6715039577837
100_0.10263157894736842, 1768.9211136890954
93_0.6289473684210527, 1774.0227272727273
36_0.15526315789473683, 1778.2247340425533
32_0.26052631578947366, 1778.6164921465968
48_0.4184210526315789, 1779.1739130434783
95_0.5236842105263158, 1779.954887218045
71_0.5763157894736842, 1780.7865168539327
44_0.5236842105263158, 1783.8859416445625
43_0.15526315789473683, 1784.3134920634918
64_0.5236842105263158, 1785.8850931677018
67_0.47105263157894733, 1785.9894459102902
49_0.4184210526315789, 1786.2012072434609
71_0.6289473684210527, 1786.521739130435
42_0.3657894736842105, 1786.5591766723842
65_0.5236842105263158, 1788.5880503144654
52_0.5236842105263158, 1792.1746478873238
57_0.5236842105263158, 1792.209726443769
97_0.10263157894736842, 1792.6346153846155
43_0.47105263157894733, 1793.1824644549763
88_0.5236842105263158, 1794.4329896907218
96_0.10263157894736842, 1794.5572354211663
38_0.3131578947368421, 1796.9788838612367
39_0.3131578947368421, 1798.4800613496932
81_0.10263157894736842, 1799.9417475728155
45_0.5236842105263158, 1800.3835616438355
38_0.3657894736842105, 1801.6207482993195
43_0.4184210526315789, 1801.8803245436104
45_0.47105263157894733, 1803.6062052505965
89_0.5236842105263158, 1804.2727272727273
75_0.6289473684210527, 1805.4392523364484
59_0.6815789473684211, 1805.7487179487182
61_0.5763157894736842, 1805.8333333333335
31_0.26052631578947366, 1805.859375
28_0.20789473684210524, 1807.1135073779794
44_0.3657894736842105, 1808.8603448275862
42_0.15526315789473683, 1809.3501997336884
58_0.6815789473684211, 1809.5000000000002
83_0.10263157894736842, 1809.5405405405404
44_0.47105263157894733, 1813
49_0.5236842105263158, 1813.304347826087
42_0.47105263157894733, 1813.939393939394
29_0.20789473684210524, 1814.169724770642
48_0.5236842105263158, 1817.2941176470588
47_0.4184210526315789, 1818.90243902439
56_0.6289473684210527, 1819.9796747967478
65_0.47105263157894733, 1820.2058823529412
61_0.5236842105263158, 1820.5727554179566
62_0.5236842105263158, 1820.7147239263804
99_0.10263157894736842, 1821.0155902004453
30_0.26052631578947366, 1822.530012771392
39_0.3657894736842105, 1823.0222602739727
82_0.10263157894736842, 1824.8754863813228
64_0.5763157894736842, 1825.5714285714287
41_0.15526315789473683, 1826.3161375661375
39_0.15526315789473683, 1832.2767379679144
55_0.47105263157894733, 1835.3325183374084
47_0.3657894736842105, 1836.1064981949457
38_0.15526315789473683, 1836.1913746630728
63_0.5236842105263158, 1836.3808049535603
54_0.47105263157894733, 1836.9352517985612
80_0.10263157894736842, 1838.109589041096
42_0.6815789473684211, 1839.9590163934427
37_0.3657894736842105, 1841.217616580311
72_0.6289473684210527, 1841.3452914798208
35_0.15526315789473683, 1841.9842931937173
92_0.6289473684210527, 1842.4692737430169
34_0.15526315789473683, 1844.3540290620872
95_0.5763157894736842, 1846.6396396396397
40_0.15526315789473683, 1848.9556451612902
60_0.5236842105263158, 1849.2416918429003
100_0.6289473684210527, 1849.5000000000002
94_0.5763157894736842, 1849.9736842105262
59_0.47105263157894733, 1851.2336683417086
98_0.10263157894736842, 1851.6089887640449
57_0.6289473684210527, 1851.875
34_0.26052631578947366, 1855.6153846153845
77_0.10263157894736842, 1856.9647058823527
46_0.3657894736842105, 1857.686170212766
34_0.3131578947368421, 1861.6513353115727
49_0.6289473684210527, 1863.3127413127413
46_0.4184210526315789, 1863.3636363636365
58_0.47105263157894733, 1864.3333333333335
41_0.5236842105263158, 1865.457142857143
33_0.15526315789473683, 1866.0276315789474
40_0.3657894736842105, 1867.4006791171478
96_0.6289473684210527, 1868.6931818181818
62_0.5763157894736842, 1869.12734082397
41_0.3657894736842105, 1873.8214904679378
35_0.26052631578947366, 1873.927536231884
36_0.3657894736842105, 1874.3050847457628
90_0.5763157894736842, 1880.5087719298247
46_0.5763157894736842, 1883.2807570977916
35_0.3131578947368421, 1883.35552193646
53_0.5763157894736842, 1884.0487804878048
76_0.10263157894736842, 1884.4861660079052
57_0.5763157894736842, 1885.5454545454545
64_0.6289473684210527, 1886.8601694915253
48_0.6289473684210527, 1889.841509433962
55_0.5763157894736842, 1891.054945054945
98_0.6815789473684211, 1891.3435114503816
27_0.20789473684210524, 1894.5513698630136
50_0.5763157894736842, 1895.3247588424435
33_0.3131578947368421, 1895.4789156626505
56_0.5763157894736842, 1895.4821428571427
37_0.3131578947368421, 1897.3500000000001
36_0.3131578947368421, 1898.837555886736
63_0.6815789473684211, 1901.417525773196
65_0.5763157894736842, 1902.3544776119404
63_0.5763157894736842, 1902.76833976834
45_0.3657894736842105, 1906.04020979021
32_0.15526315789473683, 1909.307486631016
52_0.6289473684210527, 1911.2142857142858
44_0.4184210526315789, 1912.253937007874
91_0.5763157894736842, 1912.767857142857
62_0.6815789473684211, 1915.0643564356437
69_0.10263157894736842, 1918.2022900763359
40_0.5236842105263158, 1919.426966292135
52_0.5763157894736842, 1921.326530612245
97_0.6289473684210527, 1922
68_0.10263157894736842, 1922.9615384615386
47_0.5763157894736842, 1924.516129032258
32_0.3131578947368421, 1925.467455621302
65_0.6289473684210527, 1926.3939393939393
26_0.20789473684210524, 1928.4374999999998
54_0.5763157894736842, 1929.8500000000001
59_0.7342105263157894, 1931.3233532934132
99_0.6815789473684211, 1933.9847328244275
58_0.5763157894736842, 1935.636042402827
79_0.10263157894736842, 1936.5899419729208
30_0.3131578947368421, 1939.1778774289987
28_0.26052631578947366, 1940.4115384615386
76_0.6289473684210527, 1940.625
29_0.26052631578947366, 1943.037859007833
43_0.5763157894736842, 1943.1974522292992
86_0.5763157894736842, 1944.8728813559321
42_0.5763157894736842, 1945.45
44_0.7342105263157894, 1953.7853658536585
66_0.6289473684210527, 1954.8706896551726
98_0.6289473684210527, 1954.9642857142858
48_0.7342105263157894, 1955.279569892473
31_0.3131578947368421, 1955.4298642533938
78_0.10263157894736842, 1956.841796875
51_0.5763157894736842, 1956.9767441860465
91_0.6815789473684211, 1957.1830985915492
43_0.6815789473684211, 1960.059574468085
48_0.6815789473684211, 1960.109589041096
45_0.4184210526315789, 1961.5229540918165
59_0.5763157894736842, 1961.8278388278388
48_0.5763157894736842, 1961.9361022364217
99_0.6289473684210527, 1966.1463414634147
50_0.6815789473684211, 1966.4587155963304
96_0.5763157894736842, 1967.0454545454545
95_0.6289473684210527, 1969.1676300578035
58_0.5236842105263158, 1971.0271084337348
43_0.6289473684210527, 1971.5955056179773
73_0.6289473684210527, 1971.7636363636364
42_0.6289473684210527, 1973.644927536232
67_0.10263157894736842, 1974.763940520446
36_0.4184210526315789, 1974.876893939394
69_0.6289473684210527, 1976.6725663716816
34_0.3657894736842105, 1976.753001715266
49_0.6815789473684211, 1976.847926267281
81_0.6289473684210527, 1982.791878172589
80_0.6289473684210527, 1982.9852216748766
87_0.5763157894736842, 1984.957264957265
58_0.7342105263157894, 1985.6117647058823
66_0.10263157894736842, 1987.1869158878503
67_0.6289473684210527, 1987.8157894736842
32_0.3657894736842105, 1988.3771043771044
35_0.3657894736842105, 1989.0052083333335
62_0.6289473684210527, 1989.7896995708154
46_0.6289473684210527, 1990
43_0.5236842105263158, 1991.1994382022472
45_0.5763157894736842, 1991.3333333333333
49_0.5763157894736842, 1992.448051948052
59_0.5236842105263158, 1993.9107692307693
41_0.6289473684210527, 1996.6666666666665
71_0.10263157894736842, 1996.7153996101365
45_0.7342105263157894, 2001.5979381443296
68_0.6289473684210527, 2003.4759825327512
47_0.6289473684210527, 2011.5249042145595
60_0.7342105263157894, 2012.1597633136096
65_0.10263157894736842, 2012.3171641791046
53_0.6289473684210527, 2013.404958677686
77_0.6289473684210527, 2014.883495145631
70_0.10263157894736842, 2017.742125984252
75_0.10263157894736842, 2019.8011695906432
97_0.5763157894736842, 2020.7943925233644
33_0.3657894736842105, 2021.082191780822
63_0.6289473684210527, 2023.1746724890832
46_0.6815789473684211, 2024.1630901287556
79_0.6289473684210527, 2025.1435406698563
64_0.10263157894736842, 2027.0903954802259
60_0.6815789473684211, 2035.7236180904522
41_0.4184210526315789, 2037.0850202429149
42_0.7342105263157894, 2042.616113744076
54_0.6289473684210527, 2042.6719999999998
43_0.7342105263157894, 2044.1005025125628
94_0.6289473684210527, 2045.0224719101122
31_0.15526315789473683, 2047.9986962190353
74_0.6815789473684211, 2048.6994535519125
58_0.6289473684210527, 2050.8565573770493
40_0.4184210526315789, 2051.8383233532936
22_0.20789473684210524, 2055.054114994363
74_0.10263157894736842, 2056.043137254902
44_0.5763157894736842, 2056.1273885350315
40_0.5763157894736842, 2061.6305732484075
66_0.6815789473684211, 2062.994923857868
40_0.6289473684210527, 2063.1521739130435
88_0.7342105263157894, 2065.1186440677966
37_0.4184210526315789, 2065.6473988439307
61_0.6815789473684211, 2068.5
61_0.7342105263157894, 2072.103658536585
30_0.15526315789473683, 2072.443857331572
51_0.6289473684210527, 2072.745901639344
29_0.15526315789473683, 2073.0466666666666
96_0.6815789473684211, 2073.59375
55_0.6289473684210527, 2074.487804878049
78_0.6289473684210527, 2074.728971962617
65_0.7342105263157894, 2077.102409638554
24_0.20789473684210524, 2077.715419501134
70_0.6815789473684211, 2080.375
45_0.6289473684210527, 2080.8314606741574
41_0.5763157894736842, 2080.9415584415583
44_0.6289473684210527, 2081.2296296296295
68_0.6815789473684211, 2081.323076923077
40_0.47105263157894733, 2082.4225352112676
46_0.7342105263157894, 2083.28125
55_0.10263157894736842, 2083.964285714286
39_0.5236842105263158, 2084.46978021978
49_0.7342105263157894, 2085.2999999999997
50_0.7342105263157894, 2085.5819209039546
73_0.10263157894736842, 2087.0544747081713
56_0.7868421052631579, 2088.028169014084
57_0.8394736842105264, 2088.672131147541
50_0.6289473684210527, 2088.701612903226
23_0.20789473684210524, 2089.867579908676
28_0.3131578947368421, 2091.80029154519
42_0.5236842105263158, 2094.275482093664
59_0.6289473684210527, 2095.4291845493563
75_0.6815789473684211, 2095.465909090909
25_0.20789473684210524, 2095.6153846153848
89_0.7342105263157894, 2099.2758620689656
35_0.4184210526315789, 2100.780821917808
85_0.5763157894736842, 2102.9361702127662
34_0.4184210526315789, 2104.5606936416184
38_0.5236842105263158, 2104.7013333333334
63_0.7342105263157894, 2105.2865853658536
63_0.10263157894736842, 2106.2480916030536
28_0.15526315789473683, 2106.911804613297
84_0.6289473684210527, 2107.0594594594595
26_0.26052631578947366, 2109.3869731800764
88_0.5763157894736842, 2109.818181818182
82_0.6289473684210527, 2110.4387755102043
37_0.5763157894736842, 2110.467492260062
39_0.5763157894736842, 2110.761146496815
40_0.6815789473684211, 2112.6393442622953
59_0.8394736842105264, 2113.5714285714284
41_0.6815789473684211, 2114.117647058824
61_0.10263157894736842, 2114.796905222437
67_0.6815789473684211, 2115.28125
36_0.5763157894736842, 2116.326219512195
57_0.7868421052631579, 2116.4285714285716
62_0.10263157894736842, 2116.601156069364
84_0.5763157894736842, 2117.8493723849374
57_0.7342105263157894, 2118.9939393939394
38_0.5763157894736842, 2121.0771604938273
39_0.4184210526315789, 2121.5370741482966
90_0.6815789473684211, 2121.7464788732395
41_0.47105263157894733, 2121.759036144578
97_0.6815789473684211, 2121.888
54_0.10263157894736842, 2126.688128772636
85_0.6289473684210527, 2128.622950819672
64_0.7342105263157894, 2133.6882352941175
51_0.10263157894736842, 2135.897435897436
89_0.5763157894736842, 2136.1052631578946
29_0.3131578947368421, 2136.5919881305635
72_0.10263157894736842, 2137.8055009823183
47_0.6815789473684211, 2138.2566371681414
72_0.6815789473684211, 2138.645833333333
38_0.4184210526315789, 2139.384765625
34_0.47105263157894733, 2141.6607538802664
83_0.6289473684210527, 2141.7720207253883
95_0.6815789473684211, 2144.6285714285714
45_0.6815789473684211, 2147.336405529954
50_0.10263157894736842, 2148.4115308151095
56_0.7342105263157894, 2150.058479532164
60_0.10263157894736842, 2151.591439688716
35_0.47105263157894733, 2151.7358916478556
56_0.8394736842105264, 2152.016129032258
51_0.6815789473684211, 2153.3333333333335
69_0.6815789473684211, 2154.240837696335
30_0.3657894736842105, 2155
56_0.10263157894736842, 2155.8266932270917
60_0.7868421052631579, 2156.145833333333
94_0.6815789473684211, 2156.5774647887324
27_0.26052631578947366, 2157.0567741935483
69_0.7342105263157894, 2157.746835443038
44_0.6815789473684211, 2159.453744493392
92_0.6815789473684211, 2160.1066666666666
39_0.6289473684210527, 2165.9444444444443
58_0.8394736842105264, 2166.5853658536585
57_0.10263157894736842, 2168.1913214990136
56_0.6815789473684211, 2168.4328358208954
71_0.6815789473684211, 2174.074074074074
73_0.6815789473684211, 2174.6129032258063
54_0.6815789473684211, 2179.0825688073396
59_0.7868421052631579, 2179.2635135135138
53_0.10263157894736842, 2179.520874751491
37_0.5236842105263158, 2181.804289544236
52_0.10263157894736842, 2182.182
51_0.7342105263157894, 2182.8402366863907
36_0.47105263157894733, 2189.7421524663678
52_0.6815789473684211, 2190.6315789473683
38_0.6289473684210527, 2191.377697841727
39_0.47105263157894733, 2193.513189448441
31_0.3657894736842105, 2199.176470588235
45_0.7868421052631579, 2202.9125
55_0.6815789473684211, 2204.057142857143
47_0.7342105263157894, 2204.8260869565215
48_0.7868421052631579, 2208.148148148148
55_0.7868421052631579, 2209.903448275862
58_0.7868421052631579, 2210.88
42_0.7868421052631579, 2215.8121546961324
44_0.7868421052631579, 2219.377245508982
22_0.26052631578947366, 2221.848837209302
43_0.7868421052631579, 2225.860465116279
37_0.6289473684210527, 2228.032258064516
68_0.7342105263157894, 2228.583850931677
62_0.7342105263157894, 2232.3273809523807
23_0.26052631578947366, 2232.7444589309
100_0.6815789473684211, 2232.89552238806
27_0.3131578947368421, 2235.94674556213
80_0.6815789473684211, 2238.2012578616354
49_0.7868421052631579, 2238.9936305732485
20_0.20789473684210524, 2239.2311161217585
66_0.7342105263157894, 2240.3680981595094
38_0.47105263157894733, 2242.1264367816093
81_0.6815789473684211, 2242.3076923076924
57_0.6815789473684211, 2244.6969696969695
86_0.6289473684210527, 2246.134020618557
92_0.7342105263157894, 2247.4545454545455
65_0.7868421052631579, 2250.8582677165355
36_0.5236842105263158, 2251.788511749347
87_0.6289473684210527, 2254.4574468085107
90_0.6289473684210527, 2254.9621621621623
27_0.15526315789473683, 2258.144578313253
26_0.3131578947368421, 2258.842794759825
55_0.7342105263157894, 2260.5714285714284
61_0.7868421052631579, 2264.78102189781
91_0.6289473684210527, 2265.6521739130435
21_0.20789473684210524, 2266.733181299886
64_0.6815789473684211, 2267.321608040201
64_0.7868421052631579, 2273.656488549618
59_0.10263157894736842, 2274.3686274509805
37_0.47105263157894733, 2275
65_0.6815789473684211, 2275.145077720207
90_0.7342105263157894, 2277.982905982906
58_0.10263157894736842, 2279.5
48_0.10263157894736842, 2279.9347826086955
93_0.6815789473684211, 2281.3333333333335
25_0.26052631578947366, 2284.821566110398
36_0.6289473684210527, 2285.052083333333
35_0.5236842105263158, 2288.444155844156
34_0.5236842105263158, 2289.290076335878
26_0.15526315789473683, 2295.5381471389646
91_0.7342105263157894, 2296.034482758621
49_0.10263157894736842, 2298.251953125
24_0.26052631578947366, 2300.8005115089513
32_0.4184210526315789, 2304.0588235294117
63_0.7868421052631579, 2304.795620437956
45_0.10263157894736842, 2315.3668639053253
53_0.6815789473684211, 2317.38
18_0.20789473684210524, 2317.6054114994363
67_0.7342105263157894, 2317.6124999999997
29_0.3657894736842105, 2317.977966101695
38_0.6815789473684211, 2322.949790794979
39_0.6815789473684211, 2323.900432900433
33_0.4184210526315789, 2324.492
92_0.7868421052631579, 2326.3298969072166
54_0.7342105263157894, 2326.584795321637
54_0.7868421052631579, 2327.054054054054
34_0.5763157894736842, 2328.704347826087
30_0.4184210526315789, 2330.53154875717
44_0.10263157894736842, 2336.6388888888887
84_0.7868421052631579, 2339.1958762886597
88_0.6289473684210527, 2340.033149171271
71_0.7342105263157894, 2340.326797385621
40_0.7342105263157894, 2340.5142857142855
79_0.6815789473684211, 2342.4074074074074
93_0.7342105263157894, 2342.706896551724
93_0.7868421052631579, 2348.9375
28_0.3657894736842105, 2349.1053511705686
31_0.4184210526315789, 2357.5049115913557
52_0.7868421052631579, 2362.1095890410957
32_0.5236842105263158, 2371.1328320802004
20_0.26052631578947366, 2375.779746835443
87_0.6815789473684211, 2378.847222222222
58_0.8921052631578947, 2380.4117647058824
62_0.7868421052631579, 2391.5140845070423
94_0.7342105263157894, 2394.4864864864862
61_0.8921052631578947, 2396.8333333333335
74_0.7342105263157894, 2398.241610738255
19_0.20789473684210524, 2400.3187066974597
24_0.3131578947368421, 2400.33962264151
88_0.6815789473684211, 2400.8275862068967
70_0.7342105263157894, 2401.3207547169814
86_0.6815789473684211, 2401.4666666666667
89_0.6289473684210527, 2404.852272727273
25_0.15526315789473683, 2406.180965147453
21_0.26052631578947366, 2413.938223938224
30_0.47105263157894733, 2417.5960264900664
53_0.7868421052631579, 2417.7793103448275
84_0.6815789473684211, 2417.87012987013
62_0.8394736842105264, 2418.405172413793
50_0.7868421052631579, 2421.2933333333335
31_0.47105263157894733, 2424.222972972973
41_0.7342105263157894, 2425.219512195122
32_0.47105263157894733, 2426.5771812080534
51_0.7868421052631579, 2428.5714285714284
37_0.6815789473684211, 2430.39406779661
33_0.5236842105263158, 2433.7616580310882
25_0.3131578947368421, 2435.9289940828403
35_0.6289473684210527, 2436.706896551724
95_0.7342105263157894, 2436.7339449541287
78_0.6815789473684211, 2437.1533742331285
69_0.7868421052631579, 2437.2195121951218
35_1.05, 2438.1081081081084
66_0.7868421052631579, 2438.828125
53_0.7342105263157894, 2440.464285714286
47_0.8394736842105264, 2440.636363636364
29_0.4184210526315789, 2440.647509578544
56_0.8921052631578947, 2441.7647058823527
33_0.47105263157894733, 2442.1013824884794
28_0.4184210526315789, 2443.955056179775
47_0.10263157894736842, 2447.5897435897436
60_0.8921052631578947, 2448.2688172043013
62_0.8921052631578947, 2449.6477272727275
41_0.7868421052631579, 2450.4545454545455
98_0.7342105263157894, 2454.185185185185
35_0.5763157894736842, 2454.5090361445787
52_0.7342105263157894, 2460.4137931034484
86_0.7342105263157894, 2461.864406779661
75_0.7342105263157894, 2462.7172413793105
27_0.3657894736842105, 2463.185185185185
46_0.10263157894736842, 2465.6099999999997
68_0.7868421052631579, 2466.6451612903224
43_0.8394736842105264, 2478.257142857143
47_0.7868421052631579, 2479.3766233766237
64_0.8394736842105264, 2481.831683168317
26_0.3657894736842105, 2483.208955223881
57_0.8921052631578947, 2488.92
46_0.7868421052631579, 2490.552147239264
67_0.7868421052631579, 2495.6639999999998
52_0.8394736842105264, 2501.095238095238
80_0.7342105263157894, 2507.1735537190084
34_0.6289473684210527, 2507.5
85_0.6815789473684211, 2508
38_0.7342105263157894, 2508.082125603865
59_0.8921052631578947, 2510.6666666666665
40_0.7868421052631579, 2511.4525139664806
40_0.8921052631578947, 2512.1911764705883
24_0.3657894736842105, 2517.480132450331
42_0.8394736842105264, 2518.248275862069
54_0.8921052631578947, 2519.151515151515
83_0.6815789473684211, 2521.630573248408
31_0.5236842105263158, 2522.600502512563
87_0.7342105263157894, 2524.3478260869565
41_0.8394736842105264, 2532.6845637583892
55_0.9447368421052631, 2532.80487804878
28_0.47105263157894733, 2533.741935483871
23_0.15526315789473683, 2533.9159999999997
29_0.47105263157894733, 2534.632967032967
36_0.6815789473684211, 2535.082304526749
77_0.6815789473684211, 2535.614457831325
24_0.15526315789473683, 2543.6906077348067
61_0.8394736842105264, 2543.8695652173915
54_0.9447368421052631, 2544.8571428571427
33_0.5763157894736842, 2545.0119047619046
82_0.6815789473684211, 2548.875
27_0.4184210526315789, 2551.7338403041826
46_0.8394736842105264, 2552.391304347826
60_0.8394736842105264, 2559.4201680672268
71_0.7868421052631579, 2561.4545454545455
30_0.5236842105263158, 2562.587654320988
39_0.7342105263157894, 2568.4504950495048
55_0.8921052631578947, 2569.360824742268
62_0.9447368421052631, 2569.493506493506
23_0.3131578947368421, 2572.5668135095448
97_0.7342105263157894, 2575.106796116505
84_0.7342105263157894, 2575.1803278688526
19_0.26052631578947366, 2577.32892998679
22_0.3131578947368421, 2578.9316860465115
36_0.10263157894736842, 2579.8183556405356
55_0.8394736842105264, 2580
25_0.3657894736842105, 2580.0604026845635
18_0.26052631578947366, 2581.313953488372
53_0.8394736842105264, 2583.478260869565
43_0.10263157894736842, 2584.5152129817443
37_0.10263157894736842, 2587.8125
89_0.6815789473684211, 2590.595744680851
76_0.6815789473684211, 2596.153846153846
41_0.8921052631578947, 2600.31007751938
21_0.15526315789473683, 2602.5620915032678
94_0.7868421052631579, 2603.2747252747254
44_0.8394736842105264, 2607.8523489932886
22_0.15526315789473683, 2608.6296296296296
39_0.10263157894736842, 2611.6536203522505
34_1.05, 2613.0789473684213
26_0.4184210526315789, 2616.3696060037523
41_0.10263157894736842, 2616.749482401656
16_0.20789473684210524, 2617.9361459521097
42_0.10263157894736842, 2618.106776180698
32_0.5763157894736842, 2620
54_0.8394736842105264, 2628.2950819672133
38_0.10263157894736842, 2628.8287401574803
95_0.7868421052631579, 2630.3777777777777
20_0.3131578947368421, 2632.9546783625733
78_0.7342105263157894, 2633.688524590164
96_0.7342105263157894, 2637.714285714286
40_0.9447368421052631, 2639.559633027523
21_0.3131578947368421, 2640.4948301329396
53_0.8921052631578947, 2640.8888888888887
17_0.20789473684210524, 2645.934180138568
40_0.10263157894736842, 2649.978947368421
72_0.7342105263157894, 2652.7770700636943
63_0.8394736842105264, 2655.9
99_0.7342105263157894, 2657.538461538462
19_0.15526315789473683, 2658.1632911392403
32_0.6289473684210527, 2659.1241610738257
60_0.9447368421052631, 2664.9506172839506
40_0.8394736842105264, 2672.484076433121
30_0.5763157894736842, 2674.159090909091
34_0.10263157894736842, 2675.3059273422564
33_0.6289473684210527, 2676.4444444444443
45_0.8394736842105264, 2678
35_0.9973684210526316, 2680.9397590361446
35_0.10263157894736842, 2681.1463878326995
31_0.5763157894736842, 2688.815789473684
55_1.05, 2688.84375
61_0.9447368421052631, 2689.8076923076924
20_0.15526315789473683, 2691.424364123159
85_0.7868421052631579, 2692.8
73_0.7342105263157894, 2696.52
36_1.05, 2696.794871794872
63_0.9447368421052631, 2701.6197183098593
79_0.7342105263157894, 2701.884297520661
76_0.7342105263157894, 2706.716417910448
89_0.7868421052631579, 2709.934782608696
83_0.7342105263157894, 2710.2413793103447
70_0.7868421052631579, 2711.0769230769233
41_0.9447368421052631, 2712.4528301886794
39_0.7868421052631579, 2712.578651685393
85_0.7342105263157894, 2713.2
33_1.05, 2714.1408450704225
56_0.9447368421052631, 2714.9397590361446
42_0.8921052631578947, 2716.723076923077
81_0.7342105263157894, 2717.372881355932
82_0.7342105263157894, 2718.8
77_0.7342105263157894, 2719.06976744186
77_0.7868421052631579, 2720.4158415841584
38_0.7868421052631579, 2720.686813186813
49_0.8394736842105264, 2720.976377952756
97_1.05, 2722.8333333333335
48_0.8921052631578947, 2724.0172413793107
33_0.9973684210526316, 2724.2380952380954
27_0.47105263157894733, 2724.766816143498
100_0.7342105263157894, 2725.578947368421
66_0.8394736842105264, 2728
76_0.7868421052631579, 2730
15_0.20789473684210524, 2733.023419203747
26_0.47105263157894733, 2733.7527352297593
48_0.8394736842105264, 2734.4511278195487
20_0.3657894736842105, 2734.8109452736317
50_0.9973684210526316, 2735.6216216216217
29_0.5236842105263158, 2745.9638242894057
18_0.15526315789473683, 2751.946614583333
50_0.9447368421052631, 2752.9247311827958
51_0.9973684210526316, 2752.9850746268658
39_0.8921052631578947, 2753.1803278688526
14_0.20789473684210524, 2755.7589803012747
35_0.6815789473684211, 2760.5245901639346
44_0.8921052631578947, 2765.9402985074626
63_0.8921052631578947, 2766.5625
71_0.8394736842105264, 2770.112359550562
56_0.9973684210526316, 2772.4675324675322
34_0.6815789473684211, 2773.921875
88_0.7868421052631579, 2774.8695652173915
54_0.9973684210526316, 2776.207792207792
38_0.8921052631578947, 2781.4146341463415
28_0.5236842105263158, 2781.4833759590792
58_0.9447368421052631, 2782.6265060240967
44_0.9447368421052631, 2782.862068965517
48_0.9973684210526316, 2787.4285714285716
32_0.6815789473684211, 2787.6181102362207
54_1.05, 2789.060606060606
46_1.05, 2791.1688311688313
45_0.9447368421052631, 2791.588785046729
65_0.8394736842105264, 2793.5104166666665
47_0.8921052631578947, 2794.8828828828828
43_0.9973684210526316, 2795.934782608696
53_0.9447368421052631, 2796.235294117647
43_0.8921052631578947, 2798.032258064516
36_0.7342105263157894, 2799.7804878048782
32_0.7342105263157894, 2800.8169014084506
37_1.05, 2802.8
65_0.9447368421052631, 2804.4032258064517
52_0.9447368421052631, 2805.9775280898875
31_0.10263157894736842, 2809.0417457305502
17_0.15526315789473683, 2811.791666666667
22_0.3657894736842105, 2812.05298013245
83_0.7868421052631579, 2815.032967032967
45_0.8921052631578947, 2817.008130081301
49_0.8921052631578947, 2822.210526315789
21_0.3657894736842105, 2822.6535836177472
87_0.05, 2824.540540540541
87_1.05, 2824.540540540541
48_0.9447368421052631, 2827.340206185567
52_0.8921052631578947, 2828.6796116504856
91_0.7868421052631579, 2832.0652173913045
28_0.5763157894736842, 2836.0408163265306
86_0.05, 2837.178988326848
16_0.15526315789473683, 2839.4625
50_1.05, 2839.6000000000004
32_0.9973684210526316, 2839.83908045977
70_0.8394736842105264, 2842.2580645161293
30_0.10263157894736842, 2842.2702702702704
26_0.5236842105263158, 2844.7538860103627
22_0.4184210526315789, 2845.2707930367505
59_0.9447368421052631, 2846.6329113924053
19_0.3131578947368421, 2851.9144144144143
96_0.7868421052631579, 2853.2967032967035
47_0.9447368421052631, 2856.063829787234
50_0.8394736842105264, 2859.7952755905512
18_0.3131578947368421, 2862.6422287390033
38_0.8394736842105264, 2863.699346405229
29_0.5763157894736842, 2863.9456193353476
34_0.7342105263157894, 2864.336538461538
37_0.7342105263157894, 2866.5
34_0.9973684210526316, 2869.046511627907
33_0.10263157894736842, 2870.4085603112844
23_0.3657894736842105, 2871.74406779661
23_0.4184210526315789, 2872.755020080321
17_0.26052631578947366, 2877.531830238727
53_1.05, 2878.15625
39_0.8394736842105264, 2879.8344370860927
67_0.8394736842105264, 2880.382978723404
46_0.8921052631578947, 2882.0689655172414
55_0.9973684210526316, 2886.810810810811
32_1.05, 2889.1780821917805
57_0.9447368421052631, 2890.731707317073
90_0.7868421052631579, 2897
33_0.6815789473684211, 2898.5560165975103
75_0.7868421052631579, 2900.146788990826
40_0.9973684210526316, 2904.3092783505153
64_0.9447368421052631, 2904.318181818182
86_0.8394736842105264, 2905
35_0.9447368421052631, 2905.6404494382023
42_0.9447368421052631, 2913.5398230088495
14_0.26052631578947366, 2914.543450064851
38_0.9447368421052631, 2915.2571428571428
16_0.26052631578947366, 2918.6186770428017
44_0.9973684210526316, 2921.068181818182
33_0.7342105263157894, 2922.4411764705883
96_0.8394736842105264, 2924.5205479452056
27_0.5236842105263158, 2926.521276595745
52_1.05, 2927.2615384615387
74_0.8394736842105264, 2929
85_0.05, 2929.190839694656
24_0.4184210526315789, 2930.165067178503
84_0.05, 2931.2061068702287
51_0.9447368421052631, 2940
32_0.10263157894736842, 2941.4039603960396
47_1.05, 2942.1369863013697
25_0.4184210526315789, 2944.23046875
35_0.7342105263157894, 2946.252525252525
79_0.7868421052631579, 2947.90099009901
100_0.7868421052631579, 2948.9249999999997
78_0.7868421052631579, 2949.359223300971
33_0.9447368421052631, 2949.5510204081634
15_0.26052631578947366, 2953.43391188251
73_0.7868421052631579, 2956.486956521739
30_0.7342105263157894, 2960.0754716981132
57_0.9973684210526316, 2963
86_0.7868421052631579, 2966.808510638298
37_0.9973684210526316, 2967.6705882352944
27_0.5763157894736842, 2967.701219512195
37_0.9447368421052631, 2970.7096774193546
12_0.20789473684210524, 2973.205681818182
31_0.6815789473684211, 2976.5106382978724
94_0.05, 2976.926086956522
87_0.8394736842105264, 2979.3947368421054
97_0.7868421052631579, 2980.1797752808993
74_0.7868421052631579, 2981.303571428571
46_0.9447368421052631, 2985
31_0.7342105263157894, 2985.4411764705883
95_0.05, 2987.417391304348
30_0.6815789473684211, 2992.2704918032787
30_0.8921052631578947, 2992.471544715447
26_0.5763157894736842, 2998.3870967741937
29_0.10263157894736842, 3000.9940357852884
37_0.8394736842105264, 3003
51_0.8921052631578947, 3004.4554455445545
82_0.7868421052631579, 3004.9894736842107
34_0.7868421052631579, 3009
52_0.9973684210526316, 3011.610389610389
86_0.9447368421052631, 3012.5925925925926
31_0.8921052631578947, 3015
46_0.9973684210526316, 3020.1176470588234
51_1.05, 3023.7704918032787
42_0.9973684210526316, 3023.8556701030925
44_1.05, 3026.835443037975
39_0.9447368421052631, 3029.2929292929293
49_1.05, 3029.4915254237285
68_0.8394736842105264, 3033.873684210527
80_0.8921052631578947, 3040.2535211267605
13_0.20789473684210524, 3043.879813302217
96_1.05, 3045.277777777778
43_0.9447368421052631, 3047.433962264151
51_0.8394736842105264, 3048.7603305785124
53_0.9973684210526316, 3051.297297297297
36_0.7868421052631579, 3058.029411764706
78_0.8394736842105264, 3060.095238095238
50_0.8921052631578947, 3060.467289719626
79_0.8394736842105264, 3061.390243902439
64_0.8921052631578947, 3062.423076923077
75_0.8394736842105264, 3063.1395348837214
71_0.8921052631578947, 3066.4179104477607
69_0.8394736842105264, 3066.782608695652
36_0.8394736842105264, 3070.8029197080295
28_0.6289473684210527, 3073.266435986159
25_0.5763157894736842, 3075.047619047619
49_0.9447368421052631, 3075.0967741935483
81_0.8921052631578947, 3081.5714285714284
18_0.3657894736842105, 3081.6143572621036
24_0.5763157894736842, 3084.4085365853657
99_0.9973684210526316, 3089.658536585366
30_0.6289473684210527, 3090.5853658536585
47_0.9973684210526316, 3093.4814814814813
28_0.10263157894736842, 3095.1349693251536
80_0.7868421052631579, 3095.591836734694
20_0.4184210526315789, 3096.666011787819
86_0.8921052631578947, 3098.6666666666665
36_0.9447368421052631, 3099.8947368421054
56_1.05, 3101.846153846154
37_0.7868421052631579, 3113.5398773006136
19_0.3657894736842105, 3122.979274611399
25_0.5236842105263158, 3125.70652173913
93_0.8921052631578947, 3127.9672131147545
15_0.15526315789473683, 3134.0571428571425
31_0.6289473684210527, 3135.6
65_0.8921052631578947, 3146.1216216216217
87_0.8921052631578947, 3149.0169491525426
49_0.9973684210526316, 3149.2285714285713
95_0.9973684210526316, 3149.454545454545
94_0.9973684210526316, 3151.6363636363635
98_0.9973684210526316, 3155.3809523809527
87_0.7868421052631579, 3155.4347826086955
48_1.05, 3156.3529411764707
91_1.05, 3158.181818181818
72_0.7868421052631579, 3158.6153846153843
32_0.9447368421052631, 3159.26213592233
31_0.7868421052631579, 3160.301204819277
90_1.05, 3160.363636363636
32_0.7868421052631579, 3162.817679558011
81_0.7868421052631579, 3163.085106382978
24_0.5236842105263158, 3163.4464751958226
93_0.05, 3168.054166666667
92_0.05, 3169.095435684648
45_0.9973684210526316, 3171.382716049383
29_0.6289473684210527, 3173.255474452555
42_1.05, 3173.3012048192772
27_0.6815789473684211, 3173.4660633484164
97_0.8394736842105264, 3175.478260869565
21_0.4184210526315789, 3176.305668016194
36_0.9973684210526316, 3181.764705882353
89_0.05, 3185.320987654321
41_0.9973684210526316, 3186.1702127659573
88_0.05, 3186.3442622950824
85_0.8921052631578947, 3188.322580645161
100_0.05, 3188.4278350515465
17_0.3131578947368421, 3191.1106194690265
31_0.9973684210526316, 3192.3529411764707
28_0.6815789473684211, 3194.33606557377
70_0.8921052631578947, 3196.1470588235293
25_0.47105263157894733, 3196.7383177570096
24_0.47105263157894733, 3200.7120181405894
93_0.8394736842105264, 3203.5405405405404
76_0.8394736842105264, 3203.571428571429
92_0.8394736842105264, 3205.7567567567567
77_0.8394736842105264, 3208.1707317073174
26_0.6815789473684211, 3209.130434782609
22_0.47105263157894733, 3210.208988764045
86_1.05, 3210.789473684211
36_0.8921052631578947, 3212.2413793103447
16_0.3131578947368421, 3212.9390420899854
92_1.05, 3214.444444444445
30_0.9973684210526316, 3218.133333333333
66_0.8921052631578947, 3219.8666666666663
29_0.6815789473684211, 3223.677966101695
31_0.9447368421052631, 3223.9603960396043
92_0.8921052631578947, 3224.983606557377
35_0.7868421052631579, 3227.0243902439024
33_0.8921052631578947, 3229.981818181818
27_0.10263157894736842, 3233.3479125248505
95_0.8394736842105264, 3233.4400000000005
74_0.8921052631578947, 3235.0149253731347
99_0.05, 3235.1649484536083
33_0.8394736842105264, 3235.7014925373132
77_0.9447368421052631, 3236.1785714285716
98_0.05, 3237.4123711340208
87_0.9447368421052631, 3237.9615384615386
31_1.05, 3240
26_0.6289473684210527, 3242.6258992805756
89_0.8921052631578947, 3242.9491525423728
45_1.05, 3243.028571428571
33_0.7868421052631579, 3245.3892215568862
26_0.10263157894736842, 3249.2985971943885
14_0.15526315789473683, 3252.8101604278077
25_0.9973684210526316, 3254.025
59_1.05, 3265.103448275862
100_1.05, 3265.7837837837837
97_0.05, 3266.4532019704434
96_0.05, 3268.71921182266
94_0.8394736842105264, 3269.1315789473683
12_0.26052631578947366, 3270.2250970245796
30_0.9447368421052631, 3270.7663551401865
32_0.8921052631578947, 3272.741379310345
90_0.9973684210526316, 3274.869565217391
29_0.9447368421052631, 3275.936170212766
35_0.8394736842105264, 3276.2835820895525
10_0.20789473684210524, 3277.1040000000003
39_1.05, 3278.9066666666663
28_0.9973684210526316, 3282.074074074074
76_0.9447368421052631, 3284.210526315789
29_0.9973684210526316, 3286.506329113924
35_0.8921052631578947, 3290.6792452830186
89_0.9973684210526316, 3294.318181818182
88_0.9447368421052631, 3299.176470588235
95_1.05, 3299.428571428571
91_0.05, 3299.8093220338983
28_0.9447368421052631, 3301.2989690721647
83_0.8921052631578947, 3302.0298507462685
80_0.8394736842105264, 3303.5903614457834
27_0.6289473684210527, 3303.9479553903343
75_0.8921052631578947, 3304.677419354839
24_0.9973684210526316, 3310.767441860465
30_0.7868421052631579, 3313.4682080924854
90_0.05, 3314.3644067796613
43_1.05, 3323.3333333333335
34_0.8394736842105264, 3324.6293706293704
19_0.4184210526315789, 3327.284584980237
62_0.9973684210526316, 3327.9841269841268
11_0.20789473684210524, 3331.747058823529
34_0.9447368421052631, 3336.0652173913045
58_0.9973684210526316, 3336.3380281690143
98_0.8394736842105264, 3340.289855072464
76_0.8921052631578947, 3342.8571428571427
38_1.05, 3351.7662337662337
72_0.8394736842105264, 3352
85_0.9447368421052631, 3354.230769230769
59_0.9973684210526316, 3356.477611940298
32_0.8394736842105264, 3357.342857142857
16_0.3657894736842105, 3357.5662251655626
98_1.05, 3361.166666666667
80_0.9447368421052631, 3361.9661016949153
13_0.15526315789473683, 3362.640605296343
18_0.4184210526315789, 3365.9923664122134
90_0.8394736842105264, 3366.7837837837833
14_0.3131578947368421, 3368.5458515283844
73_0.8394736842105264, 3368.965517241379
94_1.05, 3370.5
83_0.8394736842105264, 3370.631578947369
13_0.26052631578947366, 3371.9440745672437
25_0.10263157894736842, 3373.110465116279
31_0.8394736842105264, 3373.4265734265737
75_0.9447368421052631, 3377.307692307692
22_0.5236842105263158, 3379.859042553191
99_1.05, 3387.0588235294117
20_0.47105263157894733, 3387.692840646651
23_0.47105263157894733, 3390.1232227488154
29_0.8921052631578947, 3392.7809523809524
100_0.9973684210526316, 3393.3846153846152
38_0.9973684210526316, 3401.133333333333
93_1.05, 3401.1764705882356
17_0.3657894736842105, 3401.6204506065856
37_0.8921052631578947, 3401.6283185840707
89_0.9447368421052631, 3410.5882352941176
80_0.9973684210526316, 3412.3396226415093
15_0.3131578947368421, 3413.006006006006
84_0.8921052631578947, 3416.920634920635
39_0.9973684210526316, 3417.4651162790697
67_0.9447368421052631, 3417.677419354839
27_0.7342105263157894, 3418.6806282722514
91_0.9973684210526316, 3421.3636363636365
75_0.05, 3424.7085020242916
81_0.8394736842105264, 3425.125
88_0.9973684210526316, 3428.4545454545455
12_0.15526315789473683, 3439.6070496083553
57_1.05, 3440.9032258064517
88_0.8921052631578947, 3441.864406779661
30_0.8394736842105264, 3442.214765100671
66_0.9447368421052631, 3443.3846153846157
24_0.10263157894736842, 3443.684523809524
21_0.47105263157894733, 3446.892857142857
61_1.05, 3447.5
63_0.9973684210526316, 3451.169491525424
78_0.9973684210526316, 3452.0909090909095
28_0.8921052631578947, 3452.5714285714284
58_1.05, 3454.5
60_0.9973684210526316, 3456.774647887324
83_0.05, 3463.864341085271
82_0.8394736842105264, 3466.1012658227846
61_0.9973684210526316, 3468.913043478261
100_0.8394736842105264, 3469.3235294117644
23_0.5236842105263158, 3471.2569832402232
29_0.7342105263157894, 3471.85
81_0.05, 3472.94921875
26_0.9973684210526316, 3478.7499999999995
74_0.05, 3481.1885245901644
96_0.9973684210526316, 3486.0416666666665
80_0.05, 3488.9607843137255
68_0.9447368421052631, 3489.322033898305
99_0.8394736842105264, 3489.69696969697
74_0.9447368421052631, 3492.269230769231
11_0.15526315789473683, 3494.086479902558
98_0.8921052631578947, 3494.9836065573772
82_0.8921052631578947, 3495.6
88_0.8394736842105264, 3496.076923076923
27_0.9973684210526316, 3500.315789473684
26_0.7342105263157894, 3501.015228426396
34_0.8921052631578947, 3501.381818181818
65_0.9973684210526316, 3503.0377358490564
24_0.6289473684210527, 3506.0952380952385
30_1.05, 3506.243243243243
64_0.9973684210526316, 3508.293103448276
97_0.9973684210526316, 3509.739130434783
84_0.9447368421052631, 3512.754716981132
21_0.5236842105263158, 3515.541666666667
20_0.5236842105263158, 3516.0989304812833
81_0.9447368421052631, 3518.103448275862
82_0.05, 3518.447058823529
93_0.9973684210526316, 3525.609756097561
92_0.9973684210526316, 3528.048780487805
26_1.05, 3529.166666666667
79_0.9973684210526316, 3529.953488372093
77_0.9973684210526316, 3534.7906976744184
89_0.8394736842105264, 3539.038961038961
24_1.05, 3540.3896103896104
81_0.9973684210526316, 3543.725490196078
25_0.8921052631578947, 3564.504672897196
67_0.8921052631578947, 3564.7605633802814
79_0.05, 3567.666666666667
10_0.26052631578947366, 3571.113842173351
29_1.05, 3571.7746478873237
94_0.9447368421052631, 3571.8545454545456
72_0.8921052631578947, 3574.59375
29_0.7868421052631579, 3579.4131736526947
89_1.05, 3581.117647058824
88_1.05, 3583.588235294118
85_0.8394736842105264, 3583.972602739726
60_1.05, 3590.642857142857
72_0.9447368421052631, 3591.4285714285716
25_0.9447368421052631, 3592.4835164835163
21_0.8394736842105264, 3593.4399999999996
87_0.9973684210526316, 3594.190476190476
98_0.7868421052631579, 3601.25
78_0.05, 3601.393574297189
83_0.9973684210526316, 3604.095238095238
15_0.3657894736842105, 3610.089810017271
16_0.4184210526315789, 3611.2428842504746
65_0.05, 3611.7368421052633
10_0.15526315789473683, 3612.818181818182
12_0.3131578947368421, 3613.3891336270194
25_0.6289473684210527, 3613.9847908745246
70_0.9447368421052631, 3614.769230769231
25_1.05, 3615.5833333333335
23_0.10263157894736842, 3616.039014373717
84_0.8394736842105264, 3616.5945945945946
84_1.05, 3616.5945945945946
64_0.05, 3616.698113207547
91_0.8394736842105264, 3618.75
21_0.8921052631578947, 3619.7247706422017
18_0.47105263157894733, 3623.173423423423
28_0.7868421052631579, 3625.2
40_1.05, 3626
11_0.26052631578947366, 3634.959893048129
23_0.9447368421052631, 3637.2
27_0.9447368421052631, 3640.6021505376343
28_1.05, 3641.753424657534
22_0.10263157894736842, 3643.4150943396226
98_0.9447368421052631, 3645.3469387755104
86_0.9973684210526316, 3648.139534883721
79_0.9447368421052631, 3648.75
20_1.05, 3652.608108108108
28_0.7342105263157894, 3654.673170731707
14_0.3657894736842105, 3657.785357737105
73_0.9447368421052631, 3663.75
26_0.9447368421052631, 3666.666666666667
95_0.9447368421052631, 3674.3636363636365
26_0.7868421052631579, 3674.5398773006136
68_0.8921052631578947, 3676.25
17_0.4184210526315789, 3676.958333333333
13_0.3131578947368421, 3683.35552193646
71_0.05, 3683.603238866397
41_1.05, 3686.153846153846
73_0.8921052631578947, 3687.3870967741937
24_0.8921052631578947, 3687.4782608695655
62_1.05, 3691.25
70_0.05, 3701.09756097561
99_0.8921052631578947, 3708.5423728813557
19_0.47105263157894733, 3711.155294117647
67_0.05, 3712.193181818182
85_1.05, 3714.4999999999995
8_0.20789473684210524, 3719.167235494881
20_0.8394736842105264, 3722.0375939849628
66_0.05, 3723.5632183908046
22_0.9447368421052631, 3723.6831683168316
21_1.05, 3728.714285714286
22_0.5763157894736842, 3729.2547169811323
27_1.05, 3734.294117647059
66_1.05, 3735.121951219512
24_0.9447368421052631, 3747.216494845361
97_0.8921052631578947, 3747.9
28_0.8394736842105264, 3750.206896551724
73_0.05, 3754.174468085106
96_0.8921052631578947, 3755.0793650793653
23_1.05, 3756.732394366197
22_0.9973684210526316, 3758.282608695652
9_0.15526315789473683, 3765.4747948417353
77_0.8921052631578947, 3771.6129032258063
79_0.8921052631578947, 3772.246153846154
66_0.9973684210526316, 3778.490566037736
69_0.8921052631578947, 3778.714285714286
90_0.9447368421052631, 3788.3846153846152
23_0.9973684210526316, 3788.75
72_0.05, 3788.9828326180254
15_0.47105263157894733, 3794.5116822429904
99_0.9447368421052631, 3797.829787234042
17_0.47105263157894733, 3798.5981941309255
18_0.5236842105263158, 3799.275324675325
16_0.47105263157894733, 3799.6304347826085
21_0.10263157894736842, 3804.267326732673
78_0.8921052631578947, 3806.151515151515
23_0.5763157894736842, 3806.3720930232557
83_0.9447368421052631, 3810.763636363636
63_0.05, 3824.1423220973784
29_0.8394736842105264, 3825.6030534351144
20_0.5763157894736842, 3828.855828220859
90_0.8921052631578947, 3831.516129032258
14_0.4184210526315789, 3831.693486590038
27_0.7868421052631579, 3836.8846153846152
97_0.9447368421052631, 3844
14_0.5236842105263158, 3845.0443349753696
9_0.20789473684210524, 3845.4964454976302
96_0.9447368421052631, 3846.6666666666665
15_0.4184210526315789, 3849.802395209581
23_0.8921052631578947, 3857.6363636363635
78_0.9447368421052631, 3859.892857142857
91_0.9447368421052631, 3860
60_0.05, 3861.494117647059
61_0.05, 3866.89453125
62_0.05, 3870.219696969697
71_0.9447368421052631, 3874.2000000000003
17_0.10263157894736842, 3874.391071428571
85_0.9973684210526316, 3876
12_0.3657894736842105, 3877.31
21_0.5763157894736842, 3878.055555555555
18_0.8394736842105264, 3879.896551724138
15_0.5236842105263158, 3880.1640625
21_0.7868421052631579, 3881.496598639456
69_0.9447368421052631, 3881.698113207547
18_0.7868421052631579, 3884.7456647398844
91_0.8921052631578947, 3891.639344262295
21_0.6289473684210527, 3893.7403100775196
14_0.47105263157894733, 3894.0665188470066
27_0.8921052631578947, 3895.019230769231
20_0.6289473684210527, 3903.1074074074077
20_0.10263157894736842, 3910.05954825462
19_0.5236842105263158, 3910.844262295082
99_0.7868421052631579, 3912.4871794871797
63_1.05, 3914.5918367346935
20_0.8921052631578947, 3919.5470085470088
84_0.9973684210526316, 3923.767441860465
93_0.9447368421052631, 3931.76
21_0.9447368421052631, 3935.4945054945056
19_0.8394736842105264, 3936.8863636363635
8_0.15526315789473683, 3940.4241676942042
26_0.8921052631578947, 3943.3035714285716
18_0.5763157894736842, 3953.3
26_0.8394736842105264, 3957.5187969924814
13_0.3657894736842105, 3962.0625
57_0.05, 3962.424603174603
27_0.8394736842105264, 3967.6875
19_0.10263157894736842, 3967.7466150870405
10_0.3131578947368421, 3969.5373134328356
23_0.6289473684210527, 3970.01568627451
69_1.05, 3971.6216216216217
82_0.9973684210526316, 3972.272727272727
67_1.05, 3973.05
100_0.8921052631578947, 3975.490909090909
16_0.5236842105263158, 3982.5190839694656
19_0.7342105263157894, 3983.7668393782383
76_0.9973684210526316, 3988.6363636363635
20_0.9973684210526316, 3990.4767441860463
22_0.8921052631578947, 3990.789473684211
69_0.05, 3991.093385214008
20_0.7868421052631579, 3992.03144654088
83_1.05, 3992.2285714285713
24_0.6815789473684211, 4002.1176470588234
67_0.9973684210526316, 4002.4800000000005
25_0.8394736842105264, 4002.6446280991736
56_0.05, 4008.6800000000003
68_0.05, 4009.41015625
22_1.05, 4016.675675675676
22_0.6289473684210527, 4017.2943396226415
82_0.9447368421052631, 4017.931034482759
20_0.9447368421052631, 4018.656565656566
11_0.3131578947368421, 4020.989096573209
19_0.7868421052631579, 4032.5192307692305
18_0.8921052631578947, 4037.63025210084
19_0.8921052631578947, 4042.706422018349
6_0.20789473684210524, 4048.7445414847157
18_0.10263157894736842, 4052.6474103585656
20_0.7342105263157894, 4054.5515463917523
69_0.9973684210526316, 4058.6190476190477
16_0.10263157894736842, 4060
25_0.7868421052631579, 4063.6438356164385
59_0.05, 4071.584
15_0.5763157894736842, 4071.8168168168168
19_0.5763157894736842, 4087.262658227848
68_0.9973684210526316, 4091.8260869565215
14_0.5763157894736842, 4094.371428571428
23_0.6815789473684211, 4099.066666666667
21_0.9973684210526316, 4099.220779220779
18_0.7342105263157894, 4099.387254901961
70_0.9973684210526316, 4111.8
25_0.6815789473684211, 4113.244019138756
16_0.5763157894736842, 4122.461538461539
17_0.6289473684210527, 4123.1488549618325
24_0.7868421052631579, 4128.7006369426745
77_0.05, 4132.059090909091
18_0.9447368421052631, 4133.398058252427
24_0.7342105263157894, 4134.825396825397
58_0.05, 4147.797570850202
23_0.7868421052631579, 4149.825503355704
20_0.6815789473684211, 4151.008733624454
16_0.6289473684210527, 4153.250883392226
76_0.05, 4153.767123287671
8_0.26052631578947366, 4155.63589076723
16_0.8394736842105264, 4158
92_0.9447368421052631, 4165.92
7_0.15526315789473683, 4177.455377574371
17_0.5763157894736842, 4180.383606557377
55_0.05, 4182.3975903614455
25_0.7342105263157894, 4183.38202247191
19_0.6815789473684211, 4183.735426008969
12_0.4184210526315789, 4185.65725047081
22_0.6815789473684211, 4185.814479638009
17_0.5236842105263158, 4187.234332425068
18_0.6815789473684211, 4187.81779661017
54_0.05, 4195.064777327935
76_1.05, 4204.6875
24_0.8394736842105264, 4208.2290076335885
19_0.9447368421052631, 4210.28125
18_0.6289473684210527, 4214.7192982456145
16_0.6815789473684211, 4220.041493775933
68_1.05, 4222.974358974359
17_0.8394736842105264, 4251.25
82_1.05, 4251.405405405405
7_0.20789473684210524, 4258.060640732265
12_0.47105263157894733, 4259.534934497817
47_0.05, 4261.428571428572
13_0.4184210526315789, 4262.958498023715
10_0.3657894736842105, 4264.3865546218485
9_0.26052631578947366, 4266.827679782904
19_1.05, 4272.217391304348
17_0.6815789473684211, 4284.762331838565
53_0.05, 4290.074688796681
46_0.05, 4290.22813688213
19_0.9973684210526316, 4301.961038961039
14_0.7342105263157894, 4303.612440191388
21_0.7342105263157894, 4303.870056497175
19_0.6289473684210527, 4307.154135338346
52_0.05, 4316.44769874477
71_0.9973684210526316, 4325.263157894737
21_0.6815789473684211, 4329.747706422018
11_0.3657894736842105, 4331.957671957672
51_0.05, 4333.950617283951
22_0.7868421052631579, 4338.341772151899
17_0.7868421052631579, 4347.142857142857
16_0.7868421052631579, 4380.526315789474
77_1.05, 4384.5
18_0.9973684210526316, 4384.697674418604
49_0.05, 4388.814814814815
23_0.8394736842105264, 4391.370078740158
16_0.7342105263157894, 4391.826923076923
100_0.9447368421052631, 4407.31914893617
50_0.05, 4415.883333333333
14_0.6289473684210527, 4426.621262458472
48_0.05, 4433.60593220339
15_0.6289473684210527, 4433.985663082437
10_0.4184210526315789, 4434.965909090909
15_0.7342105263157894, 4443.541666666666
13_0.47105263157894733, 4459.153846153846
23_0.7342105263157894, 4459.402298850575
22_0.7342105263157894, 4475.724324324325
8_0.3131578947368421, 4496.5673222390315
11_0.4184210526315789, 4507.179487179487
17_0.7342105263157894, 4515.419354838709
45_0.05, 4516.344
95_0.8921052631578947, 4522.966666666666
94_0.8921052631578947, 4546.622950819672
44_0.05, 4555.814516129032
74_1.05, 4556.222222222223
6_0.26052631578947366, 4562.404580152672
17_0.9447368421052631, 4564.5
11_0.47105263157894733, 4568.486238532109
12_0.5236842105263158, 4575.654911838791
22_0.8394736842105264, 4584.229007633588
13_0.5236842105263158, 4588.769436997319
14_0.6815789473684211, 4591.8674698795185
10_0.47105263157894733, 4592.174672489083
16_0.8921052631578947, 4592.459016393443
81_1.05, 4593.333333333333
9_0.3131578947368421, 4622.926045016077
6_0.15526315789473683, 4624.185323383084
15_0.10263157894736842, 4626.706796116505
14_0.7868421052631579, 4627.305882352941
43_0.05, 4666.45643153527
17_0.8921052631578947, 4673.178571428572
75_0.9973684210526316, 4683.2
41_0.05, 4690.51652892562
42_0.05, 4690.710084033613
14_0.10263157894736842, 4695.46
8_0.3657894736842105, 4699.50430292599
10_0.6289473684210527, 4701.524752475248
10_0.5236842105263158, 4704.255639097744
39_0.05, 4717.657692307692
12_0.6289473684210527, 4721.029801324504
18_1.05, 4721.5526315789475
37_0.05, 4725.475471698113
7_0.26052631578947366, 4735.210386151798
16_0.9447368421052631, 4736.666666666667
78_1.05, 4746.625
13_0.6289473684210527, 4753.369565217391
36_0.05, 4757.916666666666
14_0.8394736842105264, 4761.45205479452
40_0.05, 4765.10460251046
11_0.6289473684210527, 4769.888475836431
80_1.05, 4773.272727272728
13_0.5763157894736842, 4773.804416403786
38_0.05, 4778.062745098039
11_0.5236842105263158, 4788.918918918919
10_0.5763157894736842, 4794.944606413995
12_0.5763157894736842, 4796.281065088757
13_0.10263157894736842, 4801.760747663551
64_1.05, 4808.152173913043
11_0.5763157894736842, 4814.525316455696
15_0.6815789473684211, 4821.031111111111
10_0.6815789473684211, 4821.984905660378
12_0.8394736842105264, 4824.493827160493
5_0.15526315789473683, 4826.912041884816
9_0.3657894736842105, 4830.295955882353
74_0.9973684210526316, 4832.849999999999
12_0.10263157894736842, 4876.643129770992
72_0.9973684210526316, 4888.333333333334
79_1.05, 4896.387096774194
12_0.7342105263157894, 4906.607142857143
12_0.6815789473684211, 4917.427480916031
11_0.6815789473684211, 4919.74025974026
14_0.8921052631578947, 4927.184
15_0.7868421052631579, 4938.928104575163
15_0.8394736842105264, 4954.471544715447
13_0.6815789473684211, 4954.615384615385
9_0.47105263157894733, 5004.983568075118
31_0.05, 5014.076086956522
8_0.4184210526315789, 5014.958498023716
16_0.9973684210526316, 5037.407407407408
9_0.4184210526315789, 5039.50641025641
12_0.9447368421052631, 5044.086956521739
73_0.9973684210526316, 5047.833333333334
13_0.8394736842105264, 5055.942857142857
6_0.3131578947368421, 5064.504437869823
13_0.7342105263157894, 5069.820895522388
11_0.10263157894736842, 5076.524163568773
17_1.05, 5088.295081967213
4_0.20789473684210524, 5115
65_1.05, 5122.166666666667
30_0.05, 5128.9
17_0.9973684210526316, 5129.628571428571
16_1.05, 5133
12_0.7868421052631579, 5136.793650793651
8_0.47105263157894733, 5137.864745011087
10_0.7342105263157894, 5156.046082949309
70_1.05, 5162
35_0.05, 5164.964705882353
34_0.05, 5165.055118110236
4_0.15526315789473683, 5169.926174496644
15_0.8921052631578947, 5197.823529411765
14_0.9447368421052631, 5201.235294117647
12_0.8921052631578947, 5214.613138686131
8_0.5236842105263158, 5221.7058823529405
10_0.10263157894736842, 5227.826848249027
5_0.20789473684210524, 5232.3671782762685
9_0.10263157894736842, 5245.5199999999995
15_0.9447368421052631, 5253.448275862069
10_0.7868421052631579, 5258.673575129534
11_0.7342105263157894, 5259.639175257732
12_0.9973684210526316, 5267.921568627451
7_0.3131578947368421, 5271.095693779905
13_0.7868421052631579, 5330.060240963855
13_0.9973684210526316, 5339.25
14_0.9973684210526316, 5372.047619047619
25_0.05, 5381.333333333333
24_0.05, 5384.888888888889
13_0.9447368421052631, 5402.8125
75_1.05, 5403.692307692308
8_0.10263157894736842, 5407.951175406872
9_0.5236842105263158, 5412.755043227666
13_0.8921052631578947, 5429.745762711864
15_0.9973684210526316, 5435.189189189189
73_1.05, 5443.285714285715
71_1.05, 5491.290322580645
10_0.8394736842105264, 5491.616766467066
33_0.05, 5494.175298804781
10_0.9973684210526316, 5502.6
6_0.3657894736842105, 5531.951219512195
32_0.05, 5564.33064516129
8_0.5763157894736842, 5576.383685800604
7_0.3657894736842105, 5630.853383458647
10_0.9447368421052631, 5635.513043478261
29_0.05, 5646.8744939271255
10_0.8921052631578947, 5657.731343283582
11_0.7868421052631579, 5670.958083832335
13_1.05, 5684.054794520548
14_1.05, 5685.972972972973
4_0.26052631578947366, 5692.756476683938
11_0.9973684210526316, 5693.409090909091
28_0.05, 5696.742857142857
9_0.5763157894736842, 5700.389078498293
27_0.05, 5707.323651452282
11_0.8394736842105264, 5728.125
12_1.05, 5751
26_0.05, 5769.198312236287
6_0.4184210526315789, 5776.346153846153
11_0.9447368421052631, 5801.414141414141
11_0.8921052631578947, 5844.347826086957
11_1.05, 5855.416666666667
72_1.05, 5866
5_0.26052631578947366, 5878.771151178918
10_1.05, 5884.725
8_0.6289473684210527, 5943.178694158076
7_0.4184210526315789, 5995.805369127517
7_0.10263157894736842, 6051.937823834197
15_1.05, 6094
9_0.6815789473684211, 6118
9_0.7342105263157894, 6118
9_0.6289473684210527, 6165.610894941634
4_0.3131578947368421, 6174.427299703264
6_0.47105263157894733, 6181.949152542373
8_0.6815789473684211, 6258.31983805668
23_0.05, 6271.939393939394
5_0.3131578947368421, 6328.809446254071
8_0.7342105263157894, 6340.642857142858
6_0.10263157894736842, 6344.099264705882
9_0.7868421052631579, 6347.425
7_0.47105263157894733, 6359.054347826087
6_0.5236842105263158, 6410.958333333334
7_0.5236842105263158, 6422.728125
21_0.05, 6429.881422924902
22_0.05, 6458.665178571428
20_0.05, 6500.887550200803
8_0.7868421052631579, 6508.82967032967
9_1.05, 6532.77966101695
7_0.5763157894736842, 6581.010869565217
8_0.8921052631578947, 6598.155555555555
8_0.9447368421052631, 6632.166666666666
4_0.3657894736842105, 6635.389655172414
5_0.10263157894736842, 6642.832572298325
8_1.05, 6645.5921052631575
6_0.5763157894736842, 6665.15873015873
9_0.9447368421052631, 6674.181818181818
8_0.9973684210526316, 6675.585106382979
8_0.8394736842105264, 6734.200000000001
6_0.6289473684210527, 6749.638989169675
9_0.8394736842105264, 6766.878787878787
17_0.05, 6787.360594795539
19_0.05, 6795.8740157480315
9_0.8921052631578947, 6797.777777777778
4_0.4184210526315789, 6818.649504950496
5_0.3657894736842105, 6878.242661448142
9_0.9973684210526316, 6882.75
6_0.7868421052631579, 6909.237288135594
16_0.05, 6912.0342205323195
6_0.6815789473684211, 6921.791666666667
6_0.7342105263157894, 6937.365853658536
6_0.9447368421052631, 6943.716814159292
18_0.05, 6964.870967741936
7_0.6289473684210527, 6973.212765957447
7_0.8394736842105264, 6997.585365853659
3_0.10263157894736842, 7027.210643015521
7_0.9447368421052631, 7034.802197802197
6_0.8394736842105264, 7035.10067114094
2_0.15526315789473683, 7044.835540838852
7_0.7868421052631579, 7053.528169014084
6_0.8921052631578947, 7058.787878787879
7_0.7342105263157894, 7128.767857142858
6_1.05, 7199.186046511629
7_1.05, 7209.83076923077
4_0.47105263157894733, 7214.965596330276
5_0.4184210526315789, 7238.401376146789
7_0.8921052631578947, 7285.776699029126
4_0.10263157894736842, 7321.979695431472
7_0.6815789473684211, 7341.964824120603
6_0.9973684210526316, 7368.383838383838
7_0.9973684210526316, 7421.884615384615
3_0.15526315789473683, 7453.954653937948
4_0.5236842105263158, 7717.036939313984
5_0.47105263157894733, 7755.728767123288
2_0.20789473684210524, 7811.666248431618
2_0.10263157894736842, 7859.1975
15_0.05, 7867.44921875
13_0.05, 7873.179775280899
14_0.05, 7985.476190476191
12_0.05, 8117.666666666666
4_0.5763157894736842, 8158.344827586207
5_0.5236842105263158, 8242.5625
4_0.6289473684210527, 8376.950177935943
3_0.20789473684210524, 8458.262711864407
5_0.5763157894736842, 8575.572549019607
4_0.6815789473684211, 8598.272727272728
2_0.26052631578947366, 8670.409288824383
11_0.05, 8754.626865671642
5_0.6289473684210527, 8758.781395348837
5_0.6815789473684211, 8779.708791208792
5_0.7342105263157894, 8837.802631578948
5_0.7868421052631579, 8847.115384615385
4_0.7868421052631579, 8848.052631578947
9_0.05, 8883.671232876712
4_0.7342105263157894, 8886.358208955224
8_0.05, 9074.83745583039
10_0.05, 9207.106299212599
2_0.3131578947368421, 9270.046511627908
3_0.26052631578947366, 9323.6192109777
4_0.8394736842105264, 9355.158620689655
4_1.05, 9506.414634146342
5_0.8921052631578947, 9538.032967032967
4_0.8921052631578947, 9631.170731707318
5_0.8394736842105264, 9677.42718446602
4_0.9973684210526316, 9718.5
3_0.3131578947368421, 9812.517928286852
2_0.3657894736842105, 9913.869395711501
5_0.9973684210526316, 9933.41791044776
4_0.9447368421052631, 9937.714285714286
5_0.9447368421052631, 10041.273972602741
5_1.05, 10205.706896551725
3_0.3657894736842105, 10289.656470588236
2_0.4184210526315789, 10555.08695652174
2_0.47105263157894733, 10637.910714285714
3_0.4184210526315789, 10814.119658119658
7_0.05, 10829.892857142857
2_0.5236842105263158, 10894.367346938776
3_0.47105263157894733, 11065.836666666668
2_0.5763157894736842, 11246.546391752578
3_0.5236842105263158, 11318.120967741936
6_0.05, 11354.431818181818
2_0.6289473684210527, 11426.194444444445
2_0.6815789473684211, 11476.159292035398
3_0.5763157894736842, 11884.77
3_0.05, 12329.73829787234
3_0.6289473684210527, 12442.503225806451
5_0.05, 12457.198051948053
2_0.8921052631578947, 12658.504587155963
2_0.7342105263157894, 12748.56
2_0.7868421052631579, 12984.507042253521
2_0.8394736842105264, 13060.25
3_0.6815789473684211, 13107.926829268294
4_0.05, 13418.712765957447
3_0.7868421052631579, 13838
2_0.9447368421052631, 13847.012048192772
2_0.05, 13858.334951456312
3_0.7342105263157894, 14235.364583333334
3_0.8394736842105264, 14242.31884057971
2_1.05, 14852.833333333332
2_0.9973684210526316, 14899.39393939394
3_0.8921052631578947, 15193.368421052632
3_0.9447368421052631, 16242.177777777777
3_0.9973684210526316, 17015
3_1.05, 17914.166666666664